{
  "MaterialPriority": 120,
  "ImbalanceScale": 110,
  "W_PawnStructure": 130,
  "W_PieceActivity": 110,
  "W_KingSafety": 120,
  "W_Initiative": 90,
  "W_Imbalance": 120,
  "W_KnowledgeConcepts": 110,
  "OutpostBonus": 110,
  "BishopPairBonus": 130,
  "RookOpenFileBonus": 140,
  "PassedPawnBonus": 130,
  "PawnShieldPenalty": 120,
  "ConceptOutpostWeight": 110,
  "ConceptBadBishopWeight": 120,
  "ConceptSpaceWeight": 120,
  "HumanEnable": false,
  "HumanTemperature": 90,
  "HumanNoiseCp": 0,
  "HumanBlunderRate": 0,
  "CandidateMarginCp": 150,
  "CandidateMovesMax": 6,
  "RandomSeed": 0
}
