{
  "MaterialPriority": 95,
  "ImbalanceScale": 100,
  "W_PawnStructure": 110,
  "W_PieceActivity": 105,
  "W_KingSafety": 105,
  "W_Initiative": 100,
  "W_Imbalance": 100,
  "W_KnowledgeConcepts": 105,
  "OutpostBonus": 105,
  "BishopPairBonus": 110,
  "RookOpenFileBonus": 115,
  "PassedPawnBonus": 110,
  "PawnShieldPenalty": 105,
  "ConceptOutpostWeight": 105,
  "ConceptBadBishopWeight": 105,
  "ConceptSpaceWeight": 105,
  "HumanEnable": true,
  "HumanTemperature": 110,
  "HumanNoiseCp": 5,
  "HumanBlunderRate": 10,
  "CandidateMarginCp": 200,
  "CandidateMovesMax": 10,
  "RandomSeed": 12345
}
