{
  "MaterialPriority": 100,
  "ImbalanceScale": 100,
  "W_PawnStructure": 100,
  "W_PieceActivity": 100,
  "W_KingSafety": 100,
  "W_Initiative": 100,
  "W_Imbalance": 100,
  "W_KnowledgeConcepts": 100,
  "OutpostBonus": 100,
  "BishopPairBonus": 100,
  "RookOpenFileBonus": 100,
  "PassedPawnBonus": 100,
  "PawnShieldPenalty": 100,
  "ConceptOutpostWeight": 100,
  "ConceptBadBishopWeight": 100,
  "ConceptSpaceWeight": 100,
  "HumanEnable": true,
  "HumanTemperature": 100,
  "HumanNoiseCp": 0,
  "HumanBlunderRate": 0,
  "CandidateMarginCp": 200,
  "CandidateMovesMax": 10,
  "RandomSeed": 0
}
