{
  "MaterialPriority": 70,
  "ImbalanceScale": 130,
  "W_PawnStructure": 30,
  "W_PieceActivity": 160,
  "W_KingSafety": 10,
  "W_Initiative": 200,
  "W_Imbalance": 120,
  "W_KnowledgeConcepts": 60,
  "OutpostBonus": 80,
  "BishopPairBonus": 90,
  "RookOpenFileBonus": 100,
  "PassedPawnBonus": 70,
  "PawnShieldPenalty": 10,
  "ConceptOutpostWeight": 80,
  "ConceptBadBishopWeight": 70,
  "ConceptSpaceWeight": 70,
  "ConceptExchangeSacWeight": 80,
  "ConceptColorComplexWeight": 70,
  "ConceptPawnLeverWeight": 80,
  "ConceptInitiativePersistWeight": 200,
  "InitiativeDominance": 200,
  "HumanEnable": true,
  "HumanTemperature": 180,
  "HumanNoiseCp": 15,
  "HumanBlunderRate": 20,
  "CandidateMarginCp": 300,
  "CandidateMovesMax": 20,
  "RandomSeed": 777
}
