{
  "MaterialPriority": 110,
  "ImbalanceScale": 80,
  "W_PawnStructure": 150,
  "W_PieceActivity": 90,
  "W_KingSafety": 160,
  "W_Initiative": 40,
  "W_Imbalance": 80,
  "W_KnowledgeConcepts": 140,
  "OutpostBonus": 150,
  "BishopPairBonus": 130,
  "RookOpenFileBonus": 140,
  "PassedPawnBonus": 150,
  "PawnShieldPenalty": 160,
  "ConceptOutpostWeight": 150,
  "ConceptBadBishopWeight": 140,
  "ConceptSpaceWeight": 120,
  "ConceptExchangeSacWeight": 130,
  "ConceptColorComplexWeight": 140,
  "ConceptPawnLeverWeight": 120,
  "ConceptInitiativePersistWeight": 70,
  "InitiativeDominance": 70,
  "HumanEnable": false,
  "HumanTemperature": 100,
  "HumanNoiseCp": 0,
  "HumanBlunderRate": 0,
  "CandidateMarginCp": 150,
  "CandidateMovesMax": 6,
  "RandomSeed": 42
}
